{
  "model_type": "Decision Tree",
  "parameters": {
    "max_depth": 6,
    "min_samples_split": 20,
    "min_samples_leaf": 10,
    "criterion": "entropy",
    "class_weight": "balanced"
  },
  "features_used": [
    "Umur (bulan)",
    "Jenis Kelamin Encoded",
    "Age_Groups",
    "Height_Gender_Interaction",
    "Height_Age_Ratio"
  ],
  "performance": {
    "test_accuracy": 0.8558076484018264,
    "test_precision": 0.7979715360706691,
    "test_recall": 0.861228813559322,
    "test_f1": 0.8283943279273159,
    "cv_accuracy_mean": 0.8188726364609348,
    "cv_accuracy_std": 0.0277211490959338,
    "cv_f1_mean": 0.8061006938418014,
    "cv_f1_std": 0.013701228396789927,
    "cv_precision_mean": 0.7222819181690444,
    "cv_recall_mean": 0.9248730964467005
  },
  "training_date": "2025-06-01 21:59:08"
}